species,genus,group,overlap_type,protocol_usage,group_order
Afzelia africana,Afzelia,A,exact_species_overlap,"P1,P2,P3",1
Afzelia bella,Afzelia,A,exact_species_overlap,"P1,P2,P3",2
Afzelia pachyloba,Afzelia,A,exact_species_overlap,"P1,P2,P3",3
Albizia adianthifolia,Albizia,A,exact_species_overlap,"P1,P2,P3",4
Albizia ferruginea,Albizia,A,exact_species_overlap,"P1,P2,P3",5
Alstonia boonei,Alstonia,A,exact_species_overlap,"P1,P2,P3",6
Amphimas pterocarpoides,Amphimas,A,exact_species_overlap,"P1,P2,P3",7
Autranella congolensis,Autranella,A,exact_species_overlap,"P1,P2,P3",8
Canarium schweinfurthii,Canarium,A,exact_species_overlap,"P1,P2,P3",9
Entandrophragma angolense,Entandrophragma,A,exact_species_overlap,"P1,P2,P3",10
Entandrophragma cylindricum,Entandrophragma,A,exact_species_overlap,"P1,P2,P3",11
Entandrophragma utile,Entandrophragma,A,exact_species_overlap,"P1,P2,P3",12
Funtumia africana,Funtumia,A,exact_species_overlap,"P1,P2,P3",13
Gilbertiodendron dewevrei,Gilbertiodendron,A,exact_species_overlap,"P1,P2,P3",14
Guibourtia arnoldiana,Guibourtia,A,exact_species_overlap,"P1,P2,P3",15
Holoptelea grandis,Holoptelea,A,exact_species_overlap,"P1,P2,P3",16
Klainedoxa gabonensis,Klainedoxa,A,exact_species_overlap,"P1,P2,P3",17
Lophira alata,Lophira,A,exact_species_overlap,"P1,P2,P3",18
Mammea africana,Mammea,A,exact_species_overlap,"P1,P2,P3",19
Milicia excelsa,Milicia,A,exact_species_overlap,"P1,P2,P3",20
Millettia laurentii,Millettia,A,exact_species_overlap,"P1,P2,P3",21
Morus mesozygia,Morus,A,exact_species_overlap,"P1,P2,P3",22
Musanga cecropioides,Musanga,A,exact_species_overlap,"P1,P2,P3",23
Nauclea diderrichii,Nauclea,A,exact_species_overlap,"P1,P2,P3",24
Pericopsis elata,Pericopsis,A,exact_species_overlap,"P1,P2,P3",25
Petersianthus macrocarpus,Petersianthus,A,exact_species_overlap,"P1,P2,P3",26
Piptadeniastrum africanum,Piptadeniastrum,A,exact_species_overlap,"P1,P2,P3",27
Pterocarpus soyauxii,Pterocarpus,A,exact_species_overlap,"P1,P2,P3",28
Pycnanthus angolensis,Pycnanthus,A,exact_species_overlap,"P1,P2,P3",29
Terminalia superba,Terminalia,A,exact_species_overlap,"P1,P2,P3",30
Tieghemella heckelii,Tieghemella,A,exact_species_overlap,"P1,P2,P3",31
Triplochiton scleroxylon,Triplochiton,A,exact_species_overlap,"P1,P2,P3",32
Zanthoxylum gilletii,Zanthoxylum,A,exact_species_overlap,"P1,P2,P3",33
Afzelia quanzensis,Afzelia,B,genus_overlap_only,"P2,P3",1
Albizia chinensis,Albizia,B,genus_overlap_only,"P2,P3",2
Albizia glaberrima,Albizia,B,genus_overlap_only,"P2,P3",3
Albizia zygia,Albizia,B,genus_overlap_only,"P2,P3",4
Anthonotha fragrans,Anthonotha,B,genus_overlap_only,"P2,P3",5
Antrocaryon micraster,Antrocaryon,B,genus_overlap_only,"P2,P3",6
Canarium album,Canarium,B,genus_overlap_only,"P2,P3",7
Canarium bengalense,Canarium,B,genus_overlap_only,"P2,P3",8
Celtis adolfi-friderici,Celtis,B,genus_overlap_only,"P2,P3",9
Celtis mildbraedii,Celtis,B,genus_overlap_only,"P2,P3",10
Chrysophyllum perpulchrum,Chrysophyllum,B,genus_overlap_only,"P2,P3",11
Diospyros salletii,Diospyros,B,genus_overlap_only,"P2,P3",12
Erythrophleum ivorense,Erythrophleum,B,genus_overlap_only,"P2,P3",13
Funtumia elastica,Funtumia,B,genus_overlap_only,"P2,P3",14
Guibourtia coleosperma,Guibourtia,B,genus_overlap_only,"P2,P3",15
Khaya grandifoliola,Khaya,B,genus_overlap_only,"P2,P3",16
Khaya ivorensis,Khaya,B,genus_overlap_only,"P2,P3",17
Khaya senegalensis,Khaya,B,genus_overlap_only,"P2,P3",18
Nesogordonia papaverifera,Nesogordonia,B,genus_overlap_only,"P2,P3",19
Pterocarpus erinaceus,Pterocarpus,B,genus_overlap_only,"P2,P3",20
Pterocarpus macrocarpus,Pterocarpus,B,genus_overlap_only,"P2,P3",21
Terminalia ivorensis,Terminalia,B,genus_overlap_only,"P2,P3",22
Myroxylon balsamum,Myroxylon,C,macro_only_non_overlap,P3,1
Myroxylon peruiferum,Myroxylon,C,macro_only_non_overlap,P3,2
Detarium macrocarpum,Detarium,C,macro_only_non_overlap,P3,3
Pachyelasma tessmannii,Pachyelasma,C,macro_only_non_overlap,P3,4
Dalbergia oliveri,Dalbergia,C,macro_only_non_overlap,P3,5
Xylia xylocarpa,Xylia,C,macro_only_non_overlap,P3,6
Qualea paraensis,Qualea,C,macro_only_non_overlap,P3,7
Hevea brasiliensis,Hevea,C,macro_only_non_overlap,P3,8
Cinnamomum camphora,Cinnamomum,C,macro_only_non_overlap,P3,9
Lithocarpus ducampii,Lithocarpus,C,macro_only_non_overlap,P3,10
Magnolia hypolampra,Magnolia,C,macro_only_non_overlap,P3,11
Toona sureni,Toona,C,macro_only_non_overlap,P3,12
Sindora cochinchinensis,Sindora,C,macro_only_non_overlap,P3,13
Callitris columellaris,Callitris,C,macro_only_non_overlap,P3,14
Didelotia africana,Didelotia,C,macro_only_non_overlap,P3,15
Tetraberlinia bifoliolata,Tetraberlinia,C,macro_only_non_overlap,P3,16
Hymenaea courbaril,Hymenaea,C,macro_only_non_overlap,P3,17
Distemonanthus benthamianus,Distemonanthus,C,macro_only_non_overlap,P3,18
Burretiodendron tonkinense,Burretiodendron,C,macro_only_non_overlap,P3,19
Cylicodiscus gabunensis,Cylicodiscus,C,macro_only_non_overlap,P3,20
Fokienia hodginsii,Fokienia,C,macro_only_non_overlap,P3,21
Cunninghamia lanceolata,Cunninghamia,C,macro_only_non_overlap,P3,22
Quercus robur,Quercus,C,macro_only_non_overlap,P3,23
Quercus rubra,Quercus,C,macro_only_non_overlap,P3,24
Fraxinus excelsior,Fraxinus,C,macro_only_non_overlap,P3,25
Dalbergia cochinchinensis,Dalbergia,C,macro_only_non_overlap,P3,26
Acer saccharinum,Acer,C,macro_only_non_overlap,P3,27
Eucalyptus grandis,Eucalyptus,C,macro_only_non_overlap,P3,28
Eucalyptus saligna,Eucalyptus,C,macro_only_non_overlap,P3,29
Guarea cedrata,Guarea,C,macro_only_non_overlap,P3,30
Prunus serotina,Prunus,C,macro_only_non_overlap,P3,31
Clarisia racemosa,Clarisia,C,macro_only_non_overlap,P3,32
Acacia melanoxylon,Acacia,C,macro_only_non_overlap,P3,33
Hopea pierrei,Hopea,C,macro_only_non_overlap,P3,34
Samanea saman,Samanea,C,macro_only_non_overlap,P3,35
Artocarpus heterophyllus,Artocarpus,C,macro_only_non_overlap,P3,36
Colophospermum mopane,Colophospermum,C,macro_only_non_overlap,P3,37
Tectona grandis,Tectona,C,macro_only_non_overlap,P3,38
Bagassa guianensis,Bagassa,C,macro_only_non_overlap,P3,39
Aglaia cucullata,Aglaia,C,macro_only_non_overlap,P3,40
Dicorynia guianensis,Dicorynia,C,macro_only_non_overlap,P3,41
Bombax ceiba,Bombax,C,macro_only_non_overlap,P3,42
Cryptomeria japonica,Cryptomeria,C,macro_only_non_overlap,P3,43
Dalbergia melanoxylon,Dalbergia,C,macro_only_non_overlap,P3,44
Dipterocarpus costatus,Dipterocarpus,C,macro_only_non_overlap,P3,45
